run,time_ms
1,52.66854213550687
2,55.117165902629495
3,54.87716710194945
4,55.85941602475941
5,54.662915877997875
6,54.17391611263156
7,52.755624987185
8,55.251582991331816
9,52.745290799066424
10,53.042500047013164
