run,time_ms
1,76.86612498946488
2,68.60045902431011
3,68.76229192130268
4,68.36587493307889
5,68.21091705933213
6,68.36358294822276
7,67.96583300456405
8,69.44512506015599
9,70.16729097813368
10,70.82637515850365
