run,time_ms
1,5711.45512512885
2,5882.153207901865
3,5759.705000091344
4,5899.407958146185
5,5786.489000078291
6,5826.245084172115
7,5726.999040925875
8,5745.431957999244
9,5714.804999995977
10,5769.587458111346
