run,time_ms
1,78422.2634579055
2,77827.37254188396
3,77792.8688749671
4,77992.82183288597
5,77938.2116671186
6,77883.5931669455
7,77929.66220807284
8,77935.62191701494
9,77836.17000002414
10,77893.49391590804
