run,time_ms
1,53540.06475000642
2,50602.69979084842
3,50570.69041696377
4,50604.832084150985
5,50879.35254210606
6,50627.64116702601
7,50491.88479105942
8,50474.795000161976
9,50416.58941702917
10,51539.80866703205
