run,time_ms
1,79501.38133391738
2,82617.51912510954
3,78676.01254186593
4,78855.75350001454
5,79441.95441599004
6,79068.85770801455
7,79162.62204083614
8,87303.26291685924
9,80728.66900009103
10,79403.70279201306
