run,time_ms
1,11989.527291851118
2,11835.683750221506
3,11470.411125104874
4,11795.658041955903
5,11831.32170792669
6,11801.398083101958
7,11737.16166592203
8,11659.501207992435
9,11839.536750223488
10,11995.712332893163
