run,time_ms
1,1811.225458048284
2,1837.527957977727
3,1831.806750036776
4,1833.2208341453224
5,1814.716499997303
6,1797.4700410850346
7,1819.9767908081412
8,1817.2648341860622
9,1832.8359581064433
10,1858.0229170620441
