run,time_ms
1,116.00779206492007
2,118.67204192094505
3,94.74312490783632
4,95.7705001346767
5,94.91149988025427
6,91.61287499591708
7,94.90904095582664
8,97.30220795609057
9,98.01437496207654
10,149.26175004802644
