run,time_ms
1,40.028458926826715
2,37.63166698627174
3,31.95716696791351
4,31.744000036269426
5,33.27804198488593
6,32.91054209694266
7,33.54208287782967
8,31.126667046919465
9,37.361874943599105
10,69.69208386726677
