run,time_ms
1,79206.55420795083
2,77839.36199988239
3,77831.24779188074
4,77869.7534170933
5,78092.09829196334
6,78306.03012512438
7,78338.39262486435
8,77929.76925009862
9,78009.88612486981
10,78124.73712489009
