run,time_ms
1,50.665083108469844
2,52.71712504327297
3,54.06362493522465
4,55.05650001578033
5,52.25070798769593
6,54.368624929338694
7,54.660625057294965
8,54.73262490704656
9,53.53545816615224
10,54.62391721084714
