run,time_ms
1,53472.988167079166
2,53372.559250099584
3,52033.245500177145
4,50674.846208887175
5,50879.82637505047
6,50547.59370791726
7,50404.85400008038
8,50795.531375100836
9,51198.80491588265
10,50461.608374956995
