run,time_ms
1,70.97379211336374
2,74.32570913806558
3,73.02637491375208
4,71.54383300803602
5,70.94241585582495
6,70.17450011335313
7,69.49904188513756
8,69.11383313126862
9,68.7715420499444
10,68.87454097159207
