run,time_ms
1,5767.188499914482
2,5778.892625123262
3,5745.993999997154
4,5727.9935830738395
5,5752.468458842486
6,5732.280333060771
7,5750.310790957883
8,5764.661583118141
9,5732.272165827453
10,5739.8646250367165
