run,time_ms
1,78058.91620810144
2,78980.98895815201
3,80837.32525003143
4,79218.10970804654
5,79334.97312502004
6,76685.66824984737
7,80015.92458295636
8,79196.11295918003
9,79372.07620893605
10,79736.58291599713
