run,time_ms
1,6216.8981248978525
2,6063.938708044589
3,6165.340292034671
4,6124.7035001870245
5,6083.042250014842
6,6178.44579112716
7,6217.881958000362
8,6182.938541052863
9,6205.016499850899
10,5795.950958039612
