run,time_ms
1,34.56279216334224
2,35.61062482185662
3,32.26891695521772
4,31.511625042185187
5,33.13474985770881
6,35.48095817677677
7,37.86949999630451
8,50.593958934769034
9,35.37737508304417
10,45.24504207074642
