run,time_ms
1,107.12383314967155
2,114.25520805642009
3,90.42633301578462
4,91.2890830077231
5,91.59375005401671
6,89.48954101651907
7,88.48883281461895
8,88.3815421257168
9,87.62112515978515
10,135.73262514546514
