run,time_ms
1,1086.4617079496384
2,1071.3949168566614
3,1061.8735828902572
4,1053.9392079226673
5,1061.2861248664558
6,1087.4495841562748
7,1057.1929579600692
8,1082.2100408840925
9,1075.2999170217663
10,1102.5891669560224
